﻿<?xml version="1.0" encoding="utf-8"?>
<resources>
	<string name="hello">Hello World, Click Me!</string>
	<string name="app_name">MYAA</string>
  <string name="WelcomeToApp">WELCOME TO MYAA</string>
  <string name="open_drawer">Open</string>
  <string name="close_drawer">Close</string>

  <string name="Language">Language</string>

  <string-array name="Menu">
    <item>Open</item>
    <item>Delete</item>
  </string-array>

  <string name="AsteriskExplanation">(*) required information</string>
  <string name="LanguageSelection">Please select language</string>

  <string name="StatusRequired">Please select application status</string>
  <string name="StatusConfirmation">Are you sure you want to update the status of this application form?</string>

  <string name="SessionExpired">Your session has expired. Please login again.</string>
  <string name="DeleteConfirmation">Do you really want to delete this information?</string>
  <string name="EnableInternet">Please enable your internet for a while</string>
  <string name="LogoutConfirmation">Do you really want to logout?</string>
  <string name="LogoutConfirmation2">Do you really want to logout? (Your job application form will not be saved)</string>
  <string name="ExitConfirmation">Do you want to exit this application?</string>
  <string name="FailRefresh">Failed to refresh</string>
  <string name="FailDelete">Failed to delete</string>
  <string name="FailUpdate">Failed to update</string>
  <string name="FailLogin">Failed to login</string>
  <string name="FailUpload">Failed to upload</string>
  <string name="AppComplete">Your application has been completed.</string>
  <string name="SubmitSuccess">Your job application has been submitted successfully.</string>
  <string name="HireSuccess">This job application is accepted successfully.</string>
  <string name="RejectSuccess">This job application is rejected successfully.</string>
  <string name="LockSuccess">This job application is locked successfully.</string>
  <string name="UnlockSuccess">This job application is unlocked successfully.</string>
  <string name="KivSuccess">This application form\'s status has been set into KIV.</string>
  <string name="UpdateSuccess">Data is updated successfully.</string>
  <string name="NoPending">No more pending job applications</string>
  <string name="Confirmation">Are you sure you want to proceed?</string>
  <string name="OrganisationConfirmation">The organisation name is not entered. Data will not be saved. Proceed?</string>
  <string name="InstitutionConfirmation">The institution name is not entered. Data will not be saved. Proceed?</string>
  <string name="FirstNameConfirmation">The first name is not entered. Data will not be saved. Proceed?</string>
  <string name="SameNameConfirmation">The same name has been entered. Data will not be saved. Proceed?</string>
  <string name="KivConfirmation">Are you sure you want to set this application form\'s status into KIV?</string>
  <string name="LockConfirmation">Are you sure you want to lock this application form?</string>
  <string name="UnlockConfirmation">Are you sure you want to unlock this application form?</string>
  <string name="RejectConfirmation">Are you sure you want to reject this application form?</string>
  <string name="LanguageConfirmation">The language name is not entered. Data will not be saved. Proceed?</string>
  <string name="SameLanguageConfirmation">The same language has been entered. Data will not be saved. Proceed?</string>
  <string name="ReferenceConfirmation">The same reference name has been entered. Data will not be saved. Proceed?</string>
  <string name="CompanyConfirmation">The company name is not entered. Data will not be saved. Proceed?</string>

  <string name="InputMobile">Please input your mobile number</string>
  <string name="InputCategory">Please input category</string>
  <string name="InputVideoName">Please input video name</string>
  <string name="InputVideoCode">Please input video code</string>
  <string name="InputVerifyCode">Please input your verification code</string>
  <string name="NotRegistered">Number is not registered</string>
  <string name="HasRequested">Has requested before. Please wait for 1 minute before retrying.</string>

  <string name="PhotoCaptureText">
    Please capture your profile picture before continuing to fill in your application form.\n\nPlease tap the 
    image above to take picture.
  </string>
  <string name="InstructionsText">How to submit your best photo:</string>
  <string name="InstructionsText1">Use a plain background and business attire is the best</string>
  <string name="InstructionsText2">Passport style or selfie which shows yourself clearly</string>
  <string name="PositionAppliedText">Position Discussed : </string>
  <string name="ApplicationStatusText">Application Status : </string>
  <string name="LockedInfoText">
    Your Application Form is currently locked for verification. To modify any information, please contact your recruiter.
  </string>

  <string name="CountrySelect">Please select country</string>
  <string name="SendCode">SEND ME A VERIFICATION CODE</string>
  <string name="VerifyText">VERIFY</string>
  <string name="NoCode">Didn\'t get the code?</string>
  <string name="ResendCode">Resend verification code</string>
  
  <string name="LogoutText">Logout</string>

  <string name="BuddyText">Buddy Name</string>
  <string name="HRContactText">HR Contact (*)</string>
  <string name="SupervisorText">Supervisor (*)</string>
  <string name="DepartmentText">Department (*)</string>
  <string name="OfficeText">Office (*)</string>
  <string name="JoinDateText">Join Date (*)</string>
  <string name="AcceptText">ACCEPT</string>
  <string name="KivText">KIV</string>
  <string name="LockText">LOCK</string>
  <string name="UnlockText">UNLOCK</string>
  <string name="DeclineText">DECLINE</string>
  <string name="HireText">HIRE</string>
  <string name="UpdateText">UPDATE</string>

  <string name="PersonalText">Personal Information (*)</string>
  <string name="PersonalTitle">Personal Information</string>
  <string name="PersonalIDTitle">Personal ID</string>
  <string name="CurrentAddressTitle">Current Address</string>
  <string name="HomeAddressTitle">Home Address</string>
  <string name="EmergencyAddressTitle">Emergency Address</string>
  <string name="ContactDetailsText">Contact Details (*)</string>
  <string name="ContactDetailsTitle">Contact Details</string>
  <string name="FamilyDetailsTitle">Family Details</string>
  <string name="EducationText">Education (*)</string>
  <string name="EducationTitle">Education</string>
  <string name="LanguageSkillsText">Language Skills (*)</string>
  <string name="LanguageSkillsTitle">Language Skills</string>
  <string name="WorkingHistoryTitle">Working History</string>
  <string name="ActivitiesTitle">Social/Political Activities</string>
  <string name="ReferencesTitle">Reference Checks</string>
  <string name="DeclarationTitle">Declaration</string>

  <string name="NoPersonalTitle">--No Personal Information--</string>
  <string name="NoContactDetailsTitle">--No Contact Details--</string>
  <string name="NoFamilyDetailsTitle">--No Family Details--</string>
  <string name="NoEducationTitle">--No Education Details--</string>
  <string name="NoLanguageSkillsTitle">--No Language Skills--</string>
  <string name="NoWorkingHistoriesTitle">--No Working Histories--</string>
  <string name="NoActivitiesTitle">--No Social/Political Activities--</string>
  <string name="TapToEditTitle">--Top to edit--</string>
  <string name="NotAvailableTitle">--Not Available--</string>

  <string name="TitleText">Form of Address</string>
  <string name="FirstNameText">First Name (*)</string>
  <string name="LastNameText">Last Name</string>
  <string name="KnownAsText">Known As</string>
  <string name="ChineseText">Chinese Character</string>
  <string name="GenderTitle">Gender (*)</string>
  <string name="DateOfBirthTitle">Date of Birth (*)</string>
  <string name="PlaceOfBirthText">Place of Birth</string>
  <string name="NationalityTitle">Nationality (*)</string>
  <string name="RaceText">Race/Ethnic (*)</string>
  <string name="MaritalText">Marital Status (*)</string>
  <string name="ReligionText">Religion (*)</string>
  <string name="IdentityTypeText">Identity Type (*)</string>
  <string name="ICText">IC</string>
  <string name="PassportText">Passport</string>
  <string name="IdentityNoText">Identity No (*)</string>
  <string name="DateOfIssueText">Date of Issue (*)</string>
  <string name="DateOfExpiryText">Date of Expiry (*)</string>
  <string name="PlaceOfIssueText">Place of Issue</string>
  <string name="CountryOfIssueText">Country of Issue (*)</string>

  <string name="EmailText">Email Address (*)</string>
  <string name="CurrentText">Current Address (*)</string>
  <string name="HomeText">Home Address</string>
  <string name="EmergencyText">Emergency Address</string>
  <string name="TelephoneText">Telephone Number</string>
  <string name="SameCurrentText">Same as current address</string>
  <string name="PostCodeText">Post Code (*)</string>
  <string name="PostCode">Post Code</string>
  <string name="MobileNumberText">Mobile Number (*)</string>
  <string name="MobileNumber">Mobile Number</string>
  <string name="EmergencyMobileText">Emergency Contact Mobile Number (*)</string>
  <string name="EmergencyNameText">Emergency Contact Name (*)</string>
  
  <string name="StartDateText">Start Date (*)</string>
  <string name="EndDateText">End Date (*)</string>
  <string name="PresentText">PRESENT</string>
  <string name="DeleteText">DELETE</string>
  <string name="CountryText">Country (*)</string>
  <string name="Country">Country</string>

  <string name="UploadPhotoText">UPLOAD PHOTO</string>
  <string name="VideoNameText">Video Name (*)</string>
  <string name="VideoCodeText">Video Code (*)</string>
  <string name="CategoryText">Category (*)</string>
  <string name="UploadVideoText">UPLOAD VIDEO</string>

  <string name="WorkingHistoryText">Working History</string>
  <string name="CompanyNameText">Company Name (*)</string>
  <string name="LastPositionText">Last Position Held</string>
  <string name="SuperiorNameText">Name of Superior</string>
  <string name="SuperiorDesignationText">Designation of Superior</string>
  <string name="LastDrawnText">Last Drawn Salary (Rp)</string>
  <string name="ReasonText">Reason for leaving</string>
  <string name="LastDrawnTitle">Last Drawn Salary (Rp) (*)</string>
  <string name="ReasonTitle">Reason for leaving (*)</string>

  <string name="ActivityText">Involvement in Social/Political Activities</string>
  <string name="ClubNameText">Organisation/Club Name (*)</string>
  <string name="NatureText">Nature of Activities</string>

  <string name="EducationText">Education</string>
  <string name="InstitutionNameText">Institution Name (*)</string>
  <string name="QualificationText">Qualification</string>
  <string name="CourseText">Major</string>

  <string name="FamilyTitle">Please provide:\nMarried : Spouse &amp; Children\nSingle : Parents &amp; Siblings</string>
  <string name="FamilyText">Family Member</string>
  <string name="FamilyNameText">Family Member Name (*)</string>
  <string name="RelationshipText">Relationship (*)</string>
  <string name="ICPassportText">IC / Passport No</string>
  <string name="GenderText">Gender</string>
  <string name="DateOfBirthText">Date of Birth</string>
  <string name="CountryOfBirthText">Country of Birth</string>
  <string name="NationalityText">Nationality</string>
  <string name="JobTitleText">Job Title</string>
  <string name="EmployerText">Employer</string>
  <string name="SameCountryText">Is this person currently in the same country as you?</string>

  <string name="LanguageText">Language Skills</string>
  <string name="LanguageNameText">Language (*)</string>
  <string name="Read">Read</string>
  <string name="Write">Write</string>
  <string name="Speak">Speak</string>
  <string name="Average">Average</string>
  <string name="Good">Good</string>
  <string name="Excellent">Excellent</string>

  <string name="ReferenceText1">Reference 1</string>
  <string name="ReferenceText2">Reference 2</string>
  <string name="NameText">Name (*)</string>
  <string name="OccupationText">Occupation (*)</string>
  <string name="YearsKnownText">Years Known (*)</string>
  <string name="AddressText">Address</string>
  <string name="EmployerText">Employer</string>
  <string name="MobileText">Mobile Phone Number</string>
  <string name="HomeText">Home Phone Number</string>
  <string name="OfficeText">Office Phone Number</string>

  <string name="BaseText">Monthly Basic Salary (Rp)</string>
  <string name="ExpectedText">Expected Salary (Rp)</string>
  <string name="BonusText">Fixed/Variable Bonus (Rp)</string>
  <string name="AllowanceText">Fixed Commission/Allowance (Rp)</string>
  <string name="BenefitText">Other Benefits (Rp)</string>
  <string name="NoticeText">Notice Period</string>

  <string name="ReferenceCheckText">
    Could we conduct a reference check with your present and previous employers? 
    If No, please state reasons. (*)
  </string>
  <string name="DateAvailableText">
    Date available to start work (dd-mm-yyyy) (*)
  </string>
  <string name="CanTravelText">
    Are you willing to travel in the course of your employment ? (*)
  </string>
  <string name="CanRelocateText">
    Are you willing to relocate ? (*)
  </string>
  <string name="ReasonForJoiningText">
    Why do you wish to join this company ? (*)
  </string>
  <string name="CareerObjectiveText">
    What is your career objective ? (*)
  </string>
  <string name="RecommendationText">
    Please furnish any additional information you consider to be helpful in your application (*)
  </string>
  <string name="KnowingCompanyText">
    How did you come to know of the RGE Group ? (*)
  </string>

  <string name="DateText">Date</string>
  <string name="LocationText">Location</string>
  <string name="ContactText">Contact</string>

  <string name="LoginText">LOGIN</string>
  <string name="SubmitText">SUBMIT</string>
  <string name="RefreshText">REFRESH</string>
  <string name="SaveText">SAVE</string>
  <string name="DoneText">DONE</string>

  <string name="Save">Save</string>
  <string name="Discard">Discard</string>
  <string name="RotateLeft">Rotate Left</string>
  <string name="RotateRight">Rotate Right</string>

  <string name="NameTitle">NAME</string>
  <string name="PositionTitle">POSITION</string>
  <string name="StatusTitle">Status</string>

  <string name="Info">Info</string>
  <string name="Error">Error</string>
  <string name="Male">Male</string>
  <string name="Female">Female</string>
  <string name="Yes">Yes</string>
  <string name="No">No</string>
  <string name="OK">OK</string>
  <string name="Agree">Agree</string>
  <string name="NotAgree">Not Agree</string>
  <string name="RemarksText">If so, please give remarks.</string>
  
  <string name="Office">Office</string>
  <string name="NotAllowed">Not Allowed:</string>
  <string name="Operation">Field/Operations</string>

  <string name="MedanOffice">Medan Office</string>
  <string name="JakartaOffice">Jakarta Office</string>
  <string name="PekanbaruOffice">Pekanbaru Office</string>
  <string name="JambiOffice">Jambi Office</string>

  <string name="gcm_defaultSenderId">357760416135</string>
  
  <string name="ErrorMessage">Failed to load YouTube Player</string>
  
  <string name="Empty"></string>
  <string name="MyAa">MYAA</string>
  <string name="Home">Home</string>
  <string name="ApplicationForm">Application Form</string>
  <string name="ApplicationList">Job Application List</string>
  <string name="Photo">Gallery</string>
  <string name="Video">Video</string>
  <string name="Info">Asian Agri Information</string>
  <string name="AaInfo">About Asian Agri</string>
  <string name="JobApplication">Job Application</string>
  <string name="PersonalInfo">Personal Information</string>
  <string name="ContactDetails">Contact Details</string>
  <string name="FamilyDetails">Family Details</string>
  <string name="Education">Education Details</string>
  <string name="LanguageSkills">Language Skills</string>
  <string name="WorkingHistories">Working Histories</string>
  <string name="Activities">Social/Political Activities</string>
  <string name="References">References</string>
  <string name="Remuneration">Current and Expected Remuneration</string>
  <string name="RemunerationTitle">Remuneration</string>
  <string name="Additional">Additional Info</string>
  <string name="Declaration">Declaration</string>
  <string name="OfficeLocationTitle">Office Location</string>
  <string name="OperationTitle">Our Operations</string>
  <string name="DressCodeTitle">Dress Code</string>
  <string name="UsefulWebsiteTitle">Useful Website &amp; Link</string>
  <string name="FoodBeverageTitle">Food &amp; Beverage</string>

  <string name="DiscoverAA">
    Welcome to Asian Agri Group\n\n\nAsian Agri Group is one of the leading private companies in Indonesia producing 
    crude palm oil (CPO) since 1979 and employs around 25,000 people today. Since 1987, Asian Agri has been a pioneer 
    of the Indonesian government’s Trans-National Government Migration (PIR-Trans) program. Today, the company manages 
    100,000 Ha of land and partners 29,000 smallholder families in Riau and Jambi who operate 60,000 Ha of palm oil 
    plantation.\n\nThe Group’s success in becoming one of the leading CPO companies has been acknowledged internationally 
    with the ISO 14001 certification for all of its operations. Its Learning Institute in Pelalawan, Riau, as well as 
    its nursery research center in Kampar, Riau are ISO 9001 certified. In addition, Asian Agri’s R&amp;D Center in Tebing 
    Tinggi has also obtained certification by the International Plant-Analytical Exchange at the WEPAL lab at Wageningen 
    University in The Netherlands, for its high standards.\n\nAside from its success in becoming a leading CPO producer with 
    the most advanced technology, Asian Agri is also committed to preserving the environment.\n\nMore than 80% of both owned 
    plantations in North Sumatra, Riau &amp; Jambi provinces &amp; scheme smallholder plantations in Riau &amp; Jambi 
    provinces have been RSPO certified.\n\nAll plantations have also been ISCC-certified (International Sustainability &amp; 
    Carbon Certification), including plantation owned by smallholders.\n\nAsian Agri Group, guided by its triple-bottom line 
    principles, is committed to be reliable, responsible and sustainable production of quality palm oil and its derivative 
    products. We operate in an environment where the welfare of the surrounding community is crucial to the sustainability 
    of our business operation.
  </string>

  <string name="Caption">
    One of Asia’s largest palm oil producers with an annual production capacity of one million tons of palm oil
  </string>

  <string name="NormalWelcome">
    Hi,\n\nWe are pleased that you have decided to join Asian Agri Group
    and we look forward to welcoming you on board.\n\nRegards,\nAsian Agri\n\n
  </string>

  <string name="FirstPartWelcome">
    Welcome to ASIAN AGRI GROUP!\n\nCongratulations! You have joined one of the largest and leading Business Group 
    in producing Crude Palm Oil (CPO) in Indonesia. We believe your talent will improve and develop this Group 
    further.\nUpon reaching office on the first day, do contact us from the contact number below so we can provide 
    you more information.\n
  </string>

  <string name="LastPartWelcome">
    \nOnce again, Welcome to ASIAN AGRI GROUP Big Family!\n\n\nHR Department
  </string>

  <string name="PlantationsTitle">Plantation &amp; Mills</string>
  <string name="SurroundingsTitle">Surroundings</string>

  <string name="Housing">Housing</string>
  <string name="Training">Training Center</string>
  <string name="Sport">Sport Facility</string>
  <string name="School">School</string>
  <string name="Medical">Medical Clinic</string>
  <string name="Nursery">Nursery</string>

  <string name="FoodMedanTitle1">Uniland Canteen (Halal)</string>
  <string name="FoodMedanTitle2">Medan Center Point (Halal &amp; Non-Halal)</string>
  <string name="FoodMedanTitle3">RM Chinese Food/Bak Mie Khek (Non-Halal)</string>
  <string name="FoodMedanTitle4">Nasi Lemak &amp; Vegetarian (Halal)</string>
  <string name="FoodMedanTitle5">Bubur Ayam (Halal)</string>
  <string name="FoodJakartaTitle1">Kafetaria RGE (Halal)</string>
  <string name="FoodJakartaTitle2">Kantin BCA Tower (Halal)</string>
  <string name="FoodJakartaTitle3">UOB Plaza (Halal &amp; Non Halal)</string>
  <string name="FoodJakartaTitle4">Grand Indonesia (Halal &amp; Non Halal)</string>
  <string name="FoodJakartaTitle5">Gudeg Gledek (Halal)</string>
  <string name="FoodPekanbaruTitle1">Resto Rosolawas (Halal)</string>
  <string name="FoodPekanbaruTitle2">RM Pauh Piaman (Halal)</string>

  <string name="FoodMedan1">
    Variety of cuisine can be found in our building cafeteria at Basement Level. From Chinese to Western as well 
    as local delicacies such as Soto Ayam can be found here. Best, the canteen is air-conditioned. Good place to 
    have lunch with colleagues.
  </string>

  <string name="FoodMedan2">
    Latest shopping center is just located nearby our offices. Variety of cuisines can be found in this modern shopping Center. 
    Sushi, Pizza, Dim Sum are just few of choices that can be enjoyed here. Best, it is just few minutes away from our office.
  </string>

  <string name="FoodMedan3">
    Located just beside our company building, this food stall provides variety of fried Chinese cuisine like fried kwetiau, 
    nasi goreng. Prefer something soupy? Fret not; they also have all-time local Medanese cuisine Mie Pangsit.
  </string>

  <string name="FoodMedan4">
    Few minutes walk from our office; you can find Nasi Lemak and vegetarian stall. Combination of coconut rice and 
    belacan (Indonesian Chili) is surely loved by both local and foreigners.
  </string>

  <string name="FoodMedan5">
    If you are not feeling that well or want to enjoy healthier food, you can find Porridge stall 5-minutes away from office. 
    Chicken porridge will warm you in a cloudy day.
  </string>

  <string name="FoodJakarta1">
    Employee facilitiy is just within RGE office complex. You will be served coffee/tea and snacks to hold your hunger.
  </string>

  <string name="FoodJakarta2">
    Just one corner away from our office estate, you can find food court at BCA East Tower Basement 1 floor. 
    Both local and foreign cuisines can be found there.
  </string>

  <string name="FoodJakarta3">
    Located at the opposite direction of BCA Tower, UOB Plaza provides many choices to its visitors. 
    From food court all the way to restaurants can be found here.
  </string>

  <string name="FoodJakarta4">
    Further away from our office estate, you can find Grand Indonesia shopping mall. Top local and foreign cuisines 
    can be found and definitely the atmosphere is one of the top notches. However, it may be slightly pricier compare 
    to others nearby eateries.
  </string>

  <string name="FoodJakarta5">
    Located just 5-10 minutes walk from our office esated, you can find one of the all-time local favorite cuisine. 
    Combination of coconut rice and Ayam Penyet with unique belacan (Indonesian Chili) definitely makes it a must try food.
  </string>

  <string name="FoodPekanbaru1">
    One of local eateries that is famous for its Nasi Soto and Martabak Telur. It is located just around our office estate.
  </string>

  <string name="FoodPekanbaru2">
    Further away from our office estate, this eatery served all-time local favorite, Minang/Padang cuisine. 
    You can choose your meat or fish to be fried or even grilled. Good place to enjoy local cuisine.
  </string>

  <string name="FoodJambi">
    Nearest Food court is located 1-2 km away from Office
  </string>

  <string name="Plantations">
    ASIAN AGRI GROUP operation areas spread across North Sumatra, Riau and Jambi. The GROUP makes sure that sustainable 
    development practices are applied in all operational areas, including in plantations owned by Plasma farmers. ASIAN AGRI 
    manages around 100,000 hectares owned by the company and about 60,000 hectares of plantations owned by our smallholders. 
    The crop from our plantations will be processed in Mills located near the plantation. From 160,000 Plantations, the Mills 
    produce around 1 million metric tons of CPO (Crude Palm Oil).
  </string>

  <string name="Surroundings">
    All operation areas are equipped with Housing, Sport Facilities, schools as well as medical clinics and religious places 
    for the employees, families and nearby villagers. ASIAN AGRI Group currently has one Learning Centre (AA Learning Centre) 
    that is located only at Pangkalan Kerinci, Riau.
  </string>

  <string name="DressCodeOffice">
    At ASIAN AGRI Group, we encourage our employees to project modest and professional business-like image at our workplace.
    Both male and female employees are given company uniforms that will be worn from Monday to Friday.
    Embracing our country culture, Employees are expected to wear Indonesian Traditional Clothing, Batik, on Friday.
    We allow our employee to dress down on Saturday (Smart Casual) but maintain modest attire.
  </string>

  <string name="DressCodeField">
    For operational and safety purposes, we have different set of uniforms and equipment for our operational staff. 
    Estate staff will be given brown top and short, safety helmet, “kopel” belt and water container (veples), 
    and pair of safety boots. Mill Staff will have same equipment but different in blue top and long pants. 
    Administration staff of either Estate or Mill will follow the same equipment and attire except wearing long pants.
  </string>

  <string name="DressCodeNotAllowed1">
    Shorts or 3 quarter pants
  </string>

  <string name="DressCodeNotAllowed2">
    Jeans
  </string>

  <string name="DressCodeNotAllowed3">
    Slippers/Sandals
  </string>

  <string name="MedanLocation">
    Uniplaza Building 6th Floor, East Tower\nJl. Let. Jend. Haryono MT No A-1, Medan 20231\nNorth Sumatra, 
    Indonesia\nOffice No: +62 61 4532 155/388/532\nFax : +62 61 4532 095/987
  </string>

  <string name="PekanbaruLocation">
    Jl. Soekarno Hatta No 7-10, Kel. Sidomulyo Timur, Kec. Marpoyan Damai, Pekanbaru 28125\nRiau, 
    Indonesia\nOffice No: +62 761 8399 13/14/15
  </string>

  <string name="JakartaLocation">
    RGE Office Complex\nJl. M.H. Thamrin No 31, Jakarta 10230\nJakarta Pusat, 
    Indonesia\nOffice No: +62 21 2301 119\nFax : +62 21 2301 120
  </string>

  <string name="JambiLocation">
    Jl.Kol. H. Yunus Sanis No 12C, Kel. Kebun Handil, Kec. Jelutung, Jambi 36137\nJambi, 
    Indonesia\nOffice No: +62 741 4443 57
  </string>
  
  <string name="Agreement">
    I hereby declare that all the information given by me in this form and the copies attached are true and correct
    and that I am liable to be dismissed if it is found to be otherwise, notwithstanding any provisions in my contract 
    of service with the Company. I acknowledge that employment is subject to my passing a medical examination.
  </string>

  <string name="NewApplication">
    Your application form is in DRAFT mode.
  </string>

  <string name="Processing">
    Your application form is being processed.
  </string>

  <string name="Interview1">
    Congratulations! We are pleased to inform you that you have been shortlisted for interview-1.
  </string>

  <string name="Interview2">
    Congratulations! We are pleased to inform you that you have been shortlisted for interview-2.
  </string>

  <string name="FinalRound">
    Congratulations! We are pleased to inform you that you have been shortlisted for final round interview.
  </string>

  <string name="Rejected">
    We regret to inform you that you were not shortlisted for the position you applied for. We will keep you resume 
    in-view and if there is suitable position within your qualification, we will contact you again. We will like to 
    wish you all the best and thank you for applying to ASIAN AGRI GROUP.
  </string>

  <string name="MedicalCheckUp">
    Congratulations! We are pleased to inform you that you have passed the Final Round Interview. Our Recruiter will 
    contact you soon to arrange Medical Check-up appointment and next phase.
  </string>

  <string name="FailedMCU">
    We have received your Medical Check-up Result. Unfortunately, we regret to inform your results shows that you are 
    unfit for the position applied. After careful consideration, we decide to pull out and cancel our offer. Nonetheless, 
    we would wish your career all the best and thank you for applying to ASIAN AGRI GROUP.
  </string>

  <string name="Hired">
    We are pleased to inform you that you have passed your Medical Check0up. Please complete the additional information 
    regarding your particular and joining date. More details will be provided when it closed to your joining date. 
    Congratulations and Welcome to ASIAN AGRI GROUP!
  </string>

  <string name="KeepInView">
    You have a good potential in you, however, there is currently no suitable position for you. We will keep in view your 
    application and we will contact you once we have a suitable position for you.
  </string>

  <string name="RejectedOffer">
    You have rejected the offer.
  </string>
</resources>
